1;Антропология и аскетика;https://azbyka.ru/otechnik/antropologiya-i-asketika/
2;Библия с толкованиями;https://azbyka.ru/otechnik/Biblia/
3;Библиография;https://azbyka.ru/otechnik/bibliog/
4;Богословие;https://azbyka.ru/otechnik/bogoslovie/
5;Богослужение;https://azbyka.ru/otechnik/Pravoslavnoe_Bogosluzhenie/
6;Жития святых;https://azbyka.ru/otechnik/Zhitija_svjatykh/
7;Журналы (рубрика);https://azbyka.ru/otechnik/pravoslavnye-zhurnaly/
8;Икона. Искусство;https://azbyka.ru/otechnik/ikona/
9;История Церкви;https://azbyka.ru/otechnik/Istorija_Tserkvi/
10;Миссия;https://azbyka.ru/otechnik/missiya/
11;Молитва;https://azbyka.ru/otechnik/molitva/
12;Неправославные исповедания;https://azbyka.ru/otechnik/konfessii/
13;Новоначальным;https://azbyka.ru/otechnik/novonachalnym/
14;Официальные документы;https://azbyka.ru/otechnik/dokumenty/
15;Пастырство;https://azbyka.ru/otechnik/pastyrstvo/
16;Патрология;https://azbyka.ru/otechnik/Patrologija/
17;Религиоведение;https://azbyka.ru/otechnik/religiovedenie/
18;Сборники, Добротолюбие;https://azbyka.ru/otechnik/prochee/
19;Секты и расколы;https://azbyka.ru/otechnik/sekty/
20;Словари, учебники, справочники;https://azbyka.ru/otechnik/Spravochniki/
21;Философия;https://azbyka.ru/otechnik/filosofija/
22;Церковное право;https://azbyka.ru/otechnik/pravila/
23;Цитаты Св. отцов;https://azbyka.ru/quotes
24;Что читать христианину?;https://azbyka.ru/otechnik/chto-chitat-khristianinu/
25;Прочее;https://azbyka.ru/otechnik/6/
